{"R": 125.03920054779053, "G": 115.98626419296265, "B": 106.16002079620361}